{"cameraMode":{"drawMode":0,"name":"Shaded","section":"Shading Mode"},"sceneLighting":false,"audioPlay":false,"sceneViewState":{"showFog":true,"showMaterialUpdate":false,"showSkybox":false,"showFlares":true,"showImageEffects":true,"showParticleSystems":true},"in2DMode":false,"pivot":{"x":-0.4300000071525574,"y":1.8600000143051148,"z":-5.010000228881836},"rotation":{"x":-0.501451313495636,"y":0.009600972756743431,"z":-0.005565544590353966,"w":-0.8651172518730164},"size":0.43301278352737429,"orthographic":false}