{"cameraMode":{"drawMode":0,"name":"Shaded","section":"Shading Mode"},"sceneLighting":false,"audioPlay":false,"sceneViewState":{"showFog":true,"showMaterialUpdate":false,"showSkybox":true,"showFlares":true,"showImageEffects":true,"showParticleSystems":true},"in2DMode":false,"pivot":{"x":-0.6248917579650879,"y":5.463472366333008,"z":-6.292679786682129},"rotation":{"x":-0.460723340511322,"y":0.0018615879816934467,"z":-0.0009668287821114063,"w":-0.8875440955162048},"size":6.7738938331604,"orthographic":false}